CRIM,ZN,INDUS,CHAS,NOX,RM,AGE,DIS,RAD,TAX,PTRATIO,B,LSTAT,MEDV,LOG_CRIM,LOG_LSTAT
0.00632,18.0,2.31,0,0.538,6.575,65.2,4.09,1,296.0,15.3,396.9,4.98,24.0,0.006300112548479854,1.7884205679625405
0.02731,0.0,7.07,0,0.469,6.421,78.9,4.9671,2,242.0,17.8,396.9,9.14,21.6,0.026943735447546184,2.316487998163037
0.02729,0.0,7.07,0,0.469,7.185,61.1,4.9671,2,242.0,17.8,392.83,4.03,34.7,0.026924266937859983,1.6154199841116479
0.03237,0.0,2.18,0,0.458,6.998,45.8,6.0622,3,222.0,18.7,394.63,2.94,33.4,0.031857129935659596,1.3711807233098425
0.06905,0.0,2.18,0,0.458,7.147,54.2,6.0622,3,222.0,18.7,396.9,5.33,36.2,0.06677040363385237,1.8453002361560848
0.02985,0.0,2.18,0,0.458,6.43,58.7,6.0622,3,222.0,18.7,394.12,5.21,28.7,0.029413160568349615,1.8261608959453874
0.08829,12.5,7.87,0,0.524,6.012,66.6,5.5605,5,311.0,15.2,395.6,12.43,22.9,0.08460765703482563,2.5974910105351463
0.14455,12.5,7.87,0,0.524,6.172,96.1,5.9505,5,311.0,15.2,396.9,19.15,27.1,0.13501154665587695,3.0032042883926917
0.21124,12.5,7.87,0,0.524,5.631,100.0,6.0821,5,311.0,15.2,386.63,29.93,16.5,0.19164462825480602,3.4317265866969784
0.17004,12.5,7.87,0,0.524,6.004,85.9,6.5921,5,311.0,15.2,386.71,17.1,18.9,0.15703793625945525,2.89591193827178
0.22489,12.5,7.87,0,0.524,6.377,94.3,6.3467,5,311.0,15.2,392.52,20.45,15.0,0.20285104404642812,3.065724645374026
0.11747,12.5,7.87,0,0.524,6.009,82.9,6.2267,5,311.0,15.2,396.9,13.27,18.9,0.11106720150765238,2.658159431488745
0.09378,12.5,7.87,0,0.524,5.889,39.0,5.4509,5,311.0,15.2,390.5,15.71,21.7,0.08963958688495932,2.8160073426073025
0.62976,0.0,8.14,0,0.538,5.949,61.8,4.7075,4,307.0,21.0,396.9,8.26,20.4,0.48843276471410274,2.225704048658088
0.63796,0.0,8.14,0,0.538,6.096,84.5,4.4619,4,307.0,21.0,380.02,10.26,18.2,0.493451565108284,2.421256622711544
0.62739,0.0,8.14,0,0.538,5.834,56.5,4.4986,4,307.0,21.0,395.62,8.47,19.9,0.4869775044907406,2.248128907197987
1.05393,0.0,8.14,0,0.538,5.935,29.3,4.4986,4,307.0,21.0,386.85,6.58,23.1,0.719755031081429,2.0255131996542803
0.7842,0.0,8.14,0,0.538,5.99,81.7,4.2579,4,307.0,21.0,386.75,14.67,17.5,0.5789701354975461,2.7517480563679295
0.80271,0.0,8.14,0,0.538,5.456,36.6,3.7965,4,307.0,21.0,288.99,11.69,20.2,0.5892910882451726,2.540814281726296
0.7258,0.0,8.14,0,0.538,5.727,69.5,3.7965,4,307.0,21.0,390.95,11.28,18.2,0.5456907110920701,2.5079719227189963
1.25179,0.0,8.14,0,0.538,5.57,98.1,3.7979,4,307.0,21.0,376.57,21.02,13.6,0.8117254554853013,3.091951131294534
0.85204,0.0,8.14,0,0.538,5.965,89.2,4.0123,4,307.0,21.0,392.53,13.83,19.6,0.6162877342628865,2.696652156149841
1.23247,0.0,8.14,0,0.538,6.142,91.7,3.9769,4,307.0,21.0,396.9,18.72,15.2,0.8031085958282843,2.9816333491744893
0.98843,0.0,8.14,0,0.538,5.813,100.0,4.0952,4,307.0,21.0,394.54,19.88,14.5,0.6873453826321089,3.038791763014438
0.75026,0.0,8.14,0,0.538,5.924,94.1,4.3996,4,307.0,21.0,394.33,16.3,15.6,0.5597643483283525,2.8507065015037334
0.84054,0.0,8.14,0,0.538,5.599,85.7,4.4546,4,307.0,21.0,303.42,16.51,13.9,0.6100590068254429,2.8627721462977607
0.67191,0.0,8.14,0,0.538,5.813,90.3,4.682,4,307.0,21.0,376.88,14.81,16.6,0.5139666854625483,2.7606426512213806
0.95577,0.0,8.14,0,0.538,6.047,88.8,4.4534,4,307.0,21.0,306.38,17.28,14.8,0.6707839777866772,2.905807566026004
0.77299,0.0,8.14,0,0.538,6.495,94.4,4.4547,4,307.0,21.0,387.94,12.8,18.4,0.5726673869182406,2.624668592163159
1.00245,0.0,8.14,0,0.538,6.674,87.3,4.239,4,307.0,21.0,380.23,11.98,21.0,0.6943714308596382,2.563409711275944
1.13081,0.0,8.14,0,0.538,5.713,94.1,4.233,4,307.0,21.0,360.17,22.6,12.7,0.7565021891227188,3.1612467120315646
1.35472,0.0,8.14,0,0.538,6.072,100.0,4.175,4,307.0,21.0,376.73,13.04,14.5,0.8564218244336657,2.641910398597665
1.38799,0.0,8.14,0,0.538,5.95,82.0,3.99,4,307.0,21.0,232.6,27.71,13.2,0.8704520079168975,3.3572454941329726
1.15172,0.0,8.14,0,0.538,5.701,95.0,3.7872,4,307.0,21.0,358.77,18.35,13.1,0.7662675223101358,2.962692419475791
1.61282,0.0,8.14,0,0.538,6.096,96.9,3.7598,4,307.0,21.0,248.31,20.34,13.5,0.9604300978281596,3.060583245873607
0.06417,0.0,5.96,0,0.499,5.933,68.2,3.3603,5,279.0,19.2,396.9,9.68,18.9,0.06219515259296706,2.3683728335320486
0.09744,0.0,5.96,0,0.499,5.841,61.4,3.3779,5,279.0,19.2,377.56,11.41,20.0,0.0929801947688742,2.5185025992165158
0.08014,0.0,5.96,0,0.499,5.85,41.5,3.9342,5,279.0,19.2,396.9,8.77,21.0,0.07709066236456355,2.2793164660546914
0.17505,0.0,5.96,0,0.499,5.966,30.2,3.8473,5,279.0,19.2,393.43,10.13,24.7,0.1613106998822503,2.4096441652874536
0.02763,75.0,2.95,0,0.428,6.595,21.8,5.4011,3,252.0,18.3,395.63,4.32,30.8,0.02725518006645146,1.6714733033535532
0.03359,75.0,2.95,0,0.428,7.024,15.8,5.4011,3,252.0,18.3,395.62,1.98,34.9,0.03303817907679737,1.091923300517313
0.12744,0.0,6.91,0,0.448,6.77,2.9,5.7209,3,233.0,17.9,385.41,4.84,26.6,0.11994957590111856,1.7647307968401356
0.1415,0.0,6.91,0,0.448,6.169,6.6,5.7209,3,233.0,17.9,383.37,5.81,25.3,0.13234318698771316,1.918392120161421
0.15936,0.0,6.91,0,0.448,6.211,6.5,5.7209,3,233.0,17.9,394.46,7.44,24.7,0.14786812872457536,2.132982308607866
0.12269,0.0,6.91,0,0.448,6.069,40.0,5.7209,3,233.0,17.9,389.39,9.55,21.2,0.11572759134397043,2.3561258599220753
0.17142,0.0,6.91,0,0.448,5.682,33.8,5.1004,3,233.0,17.9,396.9,10.21,19.3,0.15821668811495349,2.4168062370840686
0.18836,0.0,6.91,0,0.448,5.786,33.3,5.1004,3,233.0,17.9,396.9,14.15,20.0,0.17257420533907458,2.7180005319553784
0.22927,0.0,6.91,0,0.448,6.03,85.5,5.6894,3,233.0,17.9,392.74,18.8,16.6,0.20642049726093953,2.9856819377004897
0.25387,0.0,6.91,0,0.448,5.399,95.3,5.87,3,233.0,17.9,396.9,30.81,14.4,0.2262347685752403,3.4597807057610526
0.21977,0.0,6.91,0,0.448,5.602,62.0,6.0877,3,233.0,17.9,396.9,16.2,19.4,0.1986623163820069,2.8449093838194073
0.08873,21.0,5.64,0,0.439,5.963,45.7,6.8147,4,243.0,16.8,395.56,13.45,19.7,0.0850118793258392,2.670694414558441
0.04337,21.0,5.64,0,0.439,6.115,63.0,6.8147,4,243.0,16.8,393.97,9.43,20.5,0.04245585903639239,2.344686269012681
0.0536,21.0,5.64,0,0.439,6.511,21.1,6.8147,4,243.0,16.8,396.9,5.28,25.0,0.05221287144693424,1.8373699804801074
0.04981,21.0,5.64,0,0.439,5.998,21.4,6.8147,4,243.0,16.8,396.9,8.43,23.4,0.04860919541462225,2.2438960966453663
0.0136,75.0,4.0,0,0.41,5.888,47.6,7.3197,3,469.0,21.1,396.9,14.8,18.9,0.013508350024792243,2.760009940032921
0.01311,90.0,1.22,0,0.403,7.249,21.9,8.6966,5,226.0,17.9,395.93,4.81,35.4,0.013024807722689456,1.7595805708638197
0.02055,85.0,0.74,0,0.41,6.383,35.7,9.1876,2,313.0,17.3,396.9,5.77,24.7,0.02034169765791456,1.9125010869241836
0.01432,100.0,1.32,0,0.411,6.816,40.5,8.3248,5,256.0,15.1,392.9,3.95,31.6,0.0142184372375555,1.599387576580599
0.15445,25.0,5.13,0,0.453,6.145,29.2,7.8148,8,284.0,19.7,390.68,6.86,23.3,0.1436240400828755,2.061786606441115
0.10328,25.0,5.13,0,0.453,5.927,47.2,6.932,8,284.0,19.7,396.9,9.22,19.6,0.09828756118394519,2.3243465847755584
0.14932,25.0,5.13,0,0.453,5.741,66.2,7.2254,8,284.0,19.7,395.11,13.15,18.7,0.13917046313797143,2.649714624089247
0.17171,25.0,5.13,0,0.453,5.966,93.4,6.8185,8,284.0,19.7,378.08,14.44,16.0,0.15846422026338805,2.73696154459663
0.11027,25.0,5.13,0,0.453,6.456,67.8,7.2255,8,284.0,19.7,396.9,6.73,22.2,0.1046032289886448,2.0451088625993306
0.1265,25.0,5.13,0,0.453,6.762,43.4,7.9809,8,284.0,19.7,395.58,9.5,25.0,0.11911548089016206,2.3513752571634776
0.01951,17.5,1.38,0,0.4161,7.104,59.5,9.2229,3,216.0,18.6,393.24,8.05,33.0,0.019322119714037037,2.2027647577118348
0.03584,80.0,3.37,0,0.398,6.29,17.8,6.6115,4,337.0,16.1,396.9,4.67,23.5,0.03521269175574247,1.7351891177396608
0.04379,80.0,3.37,0,0.398,5.787,31.1,6.6115,4,337.0,16.1,396.9,10.24,19.4,0.042858319801900656,2.419478844465545
0.05789,12.5,6.07,0,0.409,5.878,21.4,6.498,4,345.0,18.9,396.21,8.1,22.0,0.05627635827662477,2.2082744135228043
0.13554,12.5,6.07,0,0.409,5.594,36.8,6.498,4,345.0,18.9,396.9,13.09,17.4,0.1271083087153749,2.645465325910589
0.12816,12.5,6.07,0,0.409,5.885,33.0,6.498,4,345.0,18.9,396.9,8.79,20.9,0.1205879869885934,2.281361456542419
0.08826,0.0,10.81,0,0.413,6.417,6.6,5.2873,4,305.0,19.2,383.73,6.72,24.2,0.08458009047306331,2.0438143640366846
0.15876,0.0,10.81,0,0.413,5.961,17.5,5.2873,4,305.0,19.2,376.94,9.88,21.7,0.14735046784990224,2.3869262414277967
0.09164,0.0,10.81,0,0.413,6.065,7.8,5.2873,4,305.0,19.2,390.91,5.52,22.8,0.08768115263983375,1.8748743759385615
0.19539,0.0,10.81,0,0.413,6.245,6.2,5.2873,4,305.0,19.2,377.17,7.54,23.4,0.17847249197232393,2.1447610078004784
0.07896,0.0,12.83,0,0.437,6.273,6.0,4.2515,5,398.0,18.7,394.92,6.78,24.1,0.07599761422646512,2.0515563381903004
0.09512,0.0,12.83,0,0.437,6.286,45.0,4.5026,5,398.0,18.7,383.23,8.94,21.4,0.09086394630511975,2.2965670206684825
0.10153,0.0,12.83,0,0.437,6.279,74.5,4.0522,5,398.0,18.7,373.66,11.97,20.0,0.09670012247721363,2.5626389983283526
0.08707,0.0,12.83,0,0.437,6.14,45.8,4.0905,5,398.0,18.7,386.96,10.27,20.8,0.08348600348975033,2.422144328051685
0.05646,0.0,12.83,0,0.437,6.232,53.7,5.0141,5,398.0,18.7,386.4,12.34,21.2,0.054923696495899246,2.590767040487478
0.08387,0.0,12.83,0,0.437,5.874,36.6,4.5026,5,398.0,18.7,396.06,9.1,20.3,0.08053796962647085,2.312535423847214
0.04113,25.0,4.86,0,0.426,6.727,33.5,5.4007,4,281.0,19.0,396.9,5.29,28.0,0.04030666175913415,1.8389610707123492
0.04462,25.0,4.86,0,0.426,6.619,70.4,5.4007,4,281.0,19.0,395.63,7.22,23.9,0.043653182921403064,2.1065702090680882
0.03659,25.0,4.86,0,0.426,6.302,32.2,5.4007,4,281.0,19.0,396.9,6.72,24.8,0.03593647980430559,2.0438143640366846
0.03551,25.0,4.86,0,0.426,6.167,46.7,5.4007,4,281.0,19.0,390.64,7.51,22.9,0.03489405897732069,2.1412419425852827
0.05059,0.0,4.49,0,0.449,6.389,48.0,4.7794,3,247.0,18.5,396.9,9.62,23.9,0.04935191112196916,2.362739015813793
0.05735,0.0,4.49,0,0.449,6.63,56.1,4.4377,3,247.0,18.5,392.3,6.53,26.6,0.055765777905857246,2.018895041811802
0.05188,0.0,4.49,0,0.449,6.015,45.1,4.4272,3,247.0,18.5,395.99,12.86,22.5,0.050579039368154076,2.6290069937617573
0.07151,0.0,4.49,0,0.449,6.121,56.8,3.7476,3,247.0,18.5,395.15,8.44,22.2,0.06906886859909778,2.244955980157409
0.0566,0.0,3.41,0,0.489,7.007,86.3,3.4217,2,270.0,17.8,396.9,5.5,23.6,0.0550562057480784,1.8718021769015913
0.05302,0.0,3.41,0,0.489,7.079,63.1,3.4145,2,270.0,17.8,396.06,5.7,28.7,0.051662226323793706,1.9021075263969205
0.04684,0.0,3.41,0,0.489,6.417,66.1,3.0923,2,270.0,17.8,392.18,8.81,22.6,0.0457761026365836,2.2834022735772717
0.03932,0.0,3.41,0,0.489,6.405,73.9,3.0921,2,270.0,17.8,393.55,8.2,22.0,0.038566653148816674,2.2192034840549946
0.04203,28.0,15.04,0,0.464,6.442,53.6,3.6659,4,270.0,18.2,395.01,8.16,22.9,0.0411707337036766,2.214846178686039
0.02875,28.0,15.04,0,0.464,6.211,28.9,3.6659,4,270.0,18.2,396.33,6.21,25.0,0.028344473009142515,1.9754689512968577
0.04294,28.0,15.04,0,0.464,6.249,77.3,3.615,4,270.0,18.2,396.9,10.59,20.6,0.04204364799767933,2.4501426573516603
0.12204,0.0,2.89,0,0.445,6.625,57.8,3.4952,2,276.0,18.0,357.98,6.65,28.4,0.11514845708892209,2.0347056478384444
0.11504,0.0,2.89,0,0.445,6.163,69.6,3.4952,2,276.0,18.0,391.83,11.34,21.4,0.10889027870807165,2.5128460184772416
0.12083,0.0,2.89,0,0.445,8.069,76.0,3.4952,2,276.0,18.0,396.9,4.21,38.7,0.11406948227773037,1.6505798557652755
0.08187,0.0,2.89,0,0.445,7.82,36.9,3.4952,2,276.0,18.0,393.53,3.57,43.8,0.0786910253316489,1.5195132049061133
0.0686,0.0,2.89,0,0.445,7.416,62.5,3.4952,2,276.0,18.0,396.9,6.19,33.2,0.06634938054153391,1.9726911717329554
0.14866,0.0,8.56,0,0.52,6.727,79.9,2.7778,5,384.0,20.9,394.76,9.42,27.5,0.13859604559025773,2.343727036325221
0.11432,0.0,8.56,0,0.52,6.781,71.3,2.8561,5,384.0,20.9,395.58,7.67,26.5,0.10824435339763891,2.1598687907924505
0.22876,0.0,8.56,0,0.52,6.405,85.4,2.7147,5,384.0,20.9,70.8,10.63,18.6,0.20600553079810677,2.453587966530573
0.21161,0.0,8.56,0,0.52,6.137,87.4,2.7147,5,384.0,20.9,394.47,13.44,19.3,0.19195005368591092,2.67000213346468
0.1396,0.0,8.56,0,0.52,6.167,90.0,2.421,5,384.0,20.9,392.69,12.33,20.1,0.1306773236416162,2.5900171341906173
0.13262,0.0,8.56,0,0.52,5.851,96.7,2.1069,5,384.0,20.9,394.05,16.47,19.5,0.12453353302656035,2.8604851241459652
0.1712,0.0,8.56,0,0.52,5.836,91.9,2.211,5,384.0,20.9,395.67,18.66,19.5,0.15802886422491005,2.9785861147190205
0.13117,0.0,8.56,0,0.52,6.127,85.2,2.1224,5,384.0,20.9,387.69,14.09,20.4,0.12325249529930257,2.7140322727797574
0.12802,0.0,8.56,0,0.52,6.474,97.1,2.4329,5,384.0,20.9,395.24,12.27,19.8,0.12046388341513765,2.5855058483441162
0.26363,0.0,8.56,0,0.52,6.229,91.2,2.5451,5,384.0,20.9,391.23,15.55,19.4,0.23398853135437192,2.806386101823072
0.10793,0.0,8.56,0,0.52,6.195,54.4,2.7778,5,384.0,20.9,393.49,13.0,21.7,0.1024934094340411,2.6390573296152584
0.10084,0.0,10.01,0,0.547,6.715,81.6,2.6775,6,432.0,17.8,395.59,10.16,22.8,0.09607352474606409,2.412335956953165
0.12329,0.0,10.01,0,0.547,5.913,92.9,2.3534,6,432.0,17.8,394.95,16.21,18.8,0.11626187928444467,2.845490610223448
0.22212,0.0,10.01,0,0.547,6.092,95.4,2.548,6,432.0,17.8,396.9,17.09,18.7,0.20058705560079915,2.895359299407204
0.14231,0.0,10.01,0,0.547,6.254,84.2,2.2565,6,432.0,17.8,388.74,10.45,18.5,0.13305252798715148,2.4379897300002487
0.17134,0.0,10.01,0,0.547,5.928,88.2,2.4631,6,432.0,17.8,344.91,15.76,18.3,0.15814839260023486,2.818995095053937
0.13158,0.0,10.01,0,0.547,6.176,72.5,2.7301,6,432.0,17.8,393.3,12.04,21.2,0.12361488619930212,2.5680215564985067
0.15098,0.0,10.01,0,0.547,6.021,82.6,2.7474,6,432.0,17.8,394.51,10.3,19.2,0.1406137533941644,2.424802725718295
0.13058,0.0,10.01,0,0.547,5.872,73.1,2.4775,6,432.0,17.8,338.63,15.37,20.4,0.12273077538031703,2.7954503913830435
0.14476,0.0,10.01,0,0.547,5.731,65.2,2.7592,6,432.0,17.8,391.5,13.61,19.3,0.13519500804868875,2.681706225762608
0.06899,0.0,25.65,0,0.581,5.87,69.7,2.2577,2,188.0,19.1,389.15,14.37,22.0,0.06671427746220379,2.7324175575505043
0.07165,0.0,25.65,0,0.581,6.004,84.1,2.1974,2,188.0,19.1,377.67,14.27,20.3,0.06919951680100443,2.725890119230541
0.09299,0.0,25.65,0,0.581,5.961,92.9,2.0869,2,188.0,19.1,378.09,17.93,20.5,0.08891706002171539,2.9407479652212314
0.15038,0.0,25.65,0,0.581,5.856,97.0,1.9444,2,188.0,19.1,370.31,25.41,17.3,0.14009232257621806,3.273742726309041
0.09849,0.0,25.65,0,0.581,5.879,95.8,2.0063,2,188.0,19.1,379.38,17.58,18.8,0.09393650947837956,2.922085733385692
0.16902,0.0,25.65,0,0.581,5.986,88.4,1.9929,2,188.0,19.1,385.02,14.81,21.4,0.15616579098344338,2.7606426512213806
0.38735,0.0,25.65,0,0.581,5.613,95.6,1.7572,2,188.0,19.1,359.29,27.26,15.7,0.3273954526862417,3.3414473772563813
0.25915,0.0,21.89,0,0.624,5.693,96.0,1.7883,4,437.0,21.2,392.11,17.19,16.2,0.23043689014167512,2.900871992530031
0.32543,0.0,21.89,0,0.624,6.431,98.8,1.8125,4,437.0,21.2,396.9,15.39,18.0,0.2817369350921532,2.7966713927557385
0.88125,0.0,21.89,0,0.624,5.637,94.7,1.9799,4,437.0,21.2,396.9,18.34,14.3,0.6319364495150488,2.9621754900251482
0.34006,0.0,21.89,0,0.624,6.458,98.9,2.1185,4,437.0,21.2,395.04,12.6,19.2,0.29271438907980246,2.6100697927420065
1.19294,0.0,21.89,0,0.624,6.326,97.7,2.271,4,437.0,21.2,396.9,12.26,19.6,0.7852431092803437,2.5847519847577165
0.59005,0.0,21.89,0,0.624,6.372,97.9,2.3274,4,437.0,21.2,385.76,11.12,23.0,0.46376546227858856,2.4948569806411682
0.32982,0.0,21.89,0,0.624,5.822,95.4,2.4699,4,437.0,21.2,388.69,15.03,18.4,0.2850435947287374,2.7744619666214616
0.97617,0.0,21.89,0,0.624,5.757,98.4,2.346,4,437.0,21.2,262.76,17.31,15.6,0.6811606280137663,2.907447358686419
0.55778,0.0,21.89,0,0.624,6.335,98.2,2.1107,4,437.0,21.2,394.67,16.96,18.1,0.44326173080273074,2.8881470628740535
0.32264,0.0,21.89,0,0.624,5.942,93.5,1.9669,4,437.0,21.2,378.25,16.9,17.4,0.2796297392609525,2.884800712846709
0.35233,0.0,21.89,0,0.624,6.454,98.4,1.8498,4,437.0,21.2,394.08,14.59,17.1,0.3018290306776389,2.7466296830696852
0.2498,0.0,21.89,0,0.624,5.857,98.2,1.6686,4,437.0,21.2,392.04,21.32,13.3,0.22298353851284425,3.1054831375131102
0.54452,0.0,21.89,0,0.624,6.151,97.9,1.6687,4,437.0,21.2,396.9,18.46,17.8,0.43471318246714963,2.968361076757859
0.2909,0.0,21.89,0,0.624,6.174,93.6,1.6119,4,437.0,21.2,388.08,24.16,14.0,0.2553396495305266,3.22525543183224
1.62864,0.0,21.89,0,0.624,5.019,100.0,1.4394,4,437.0,21.2,396.9,34.41,14.4,0.9664666021758896,3.566994266123812
3.32105,0.0,19.58,1,0.871,5.403,100.0,1.3216,5,403.0,14.7,396.9,26.82,13.4,1.4634984282783583,3.325755186495297
4.0974,0.0,19.58,0,0.871,5.468,100.0,1.4118,5,403.0,14.7,396.9,26.42,15.6,1.6287306058145095,3.3112726741341683
2.77974,0.0,19.58,0,0.871,4.903,97.8,1.3459,5,403.0,14.7,396.9,29.29,11.8,1.3296552241970494,3.410817625039146
2.37934,0.0,19.58,0,0.871,6.13,100.0,1.4191,5,403.0,14.7,172.91,27.8,13.8,1.2176804241557975,3.3603753871419
2.15505,0.0,19.58,0,0.871,5.628,100.0,1.5166,5,403.0,14.7,169.27,16.65,15.6,1.1490043437281394,2.8707357833793057
2.36862,0.0,19.58,0,0.871,4.926,95.7,1.4608,5,403.0,14.7,391.71,29.53,14.6,1.2145031649491107,3.4187098067467865
2.33099,0.0,19.58,0,0.871,5.186,93.8,1.5296,5,403.0,14.7,356.99,28.32,17.8,1.2032695571055652,3.3782698770184507
2.73397,0.0,19.58,0,0.871,5.597,94.9,1.5257,5,403.0,14.7,351.85,21.45,15.4,1.317472010807663,3.1112906141882632
1.6566,0.0,19.58,0,0.871,6.122,97.3,1.618,5,403.0,14.7,372.8,14.1,21.5,0.977047109716266,2.714694743820879
1.49632,0.0,19.58,0,0.871,5.404,100.0,1.5916,5,403.0,14.7,341.6,13.28,19.6,0.9148176474178114,2.658859956911438
1.12658,0.0,19.58,1,0.871,5.012,88.0,1.6102,5,403.0,14.7,343.28,12.12,15.3,0.754515055507092,2.574137783515943
2.14918,0.0,19.58,0,0.871,5.709,98.5,1.6232,5,403.0,14.7,261.95,15.79,19.4,1.1471421014887528,2.8207834710894493
1.41385,0.0,19.58,1,0.871,6.129,96.0,1.7494,5,403.0,14.7,321.02,15.12,17.0,0.8812229832136547,2.780060737078482
3.53501,0.0,19.58,1,0.871,6.152,82.6,1.7455,5,403.0,14.7,88.01,15.02,15.6,1.5118272886363335,2.7738379416402132
2.44668,0.0,19.58,0,0.871,5.272,94.0,1.7364,5,403.0,14.7,88.63,16.14,13.1,1.2374114488766446,2.8414149131696336
1.22358,0.0,19.58,0,0.605,6.943,97.4,1.8773,5,403.0,14.7,363.43,4.59,41.3,0.7991185096332698,1.7209792871670078
1.34284,0.0,19.58,0,0.605,6.066,100.0,1.7573,5,403.0,14.7,353.89,6.43,24.3,0.8513638686748988,2.005525858729668
1.42502,0.0,19.58,0,0.871,6.51,100.0,1.7659,5,403.0,14.7,364.31,7.39,23.3,0.8858397717781171,2.127040520479115
1.27346,0.0,19.58,1,0.605,6.25,92.6,1.7984,5,403.0,14.7,338.92,5.5,27.0,0.8213029001101178,1.8718021769015913
1.46336,0.0,19.58,0,0.605,7.489,90.8,1.9709,5,403.0,14.7,374.43,1.73,50.0,0.9015262716731895,1.0043016091968684
1.83377,0.0,19.58,1,0.605,7.802,98.2,2.0407,5,403.0,14.7,389.61,1.92,50.0,1.0416079806003153,1.0715836162801904
1.51902,0.0,19.58,1,0.605,8.375,93.9,2.162,5,403.0,14.7,388.45,3.32,50.0,0.9238699369975489,1.463255402256019
2.24236,0.0,19.58,0,0.605,5.854,91.8,2.422,5,403.0,14.7,395.11,11.64,22.7,1.176301459715032,2.5368663887187113
2.924,0.0,19.58,0,0.605,6.101,93.0,2.2834,5,403.0,14.7,240.16,9.81,25.0,1.3671115417031166,2.3804716316511167
2.01019,0.0,19.58,0,0.605,7.929,96.2,2.0459,5,403.0,14.7,369.3,3.7,50.0,1.1020031996922046,1.547562508716013
1.80028,0.0,19.58,0,0.605,5.877,79.2,2.4259,5,403.0,14.7,227.61,12.14,23.8,1.0297194121814914,2.5756610130564646
2.3004,0.0,19.58,0,0.605,6.319,96.1,2.1,5,403.0,14.7,297.09,11.1,23.8,1.194043673248051,2.4932054526026954
2.44953,0.0,19.58,0,0.605,6.402,95.2,2.2625,5,403.0,14.7,330.04,11.32,22.3,1.2382379898788045,2.511223958105374
1.20742,0.0,19.58,0,0.605,5.875,94.6,2.4259,5,403.0,14.7,292.29,14.43,17.4,0.7918244127486899,2.7363136663750693
2.3139,0.0,19.58,0,0.605,5.88,97.3,2.3887,5,403.0,14.7,348.13,12.03,19.1,1.1981257435340087,2.567254391136754
0.13914,0.0,4.05,0,0.51,5.572,88.5,2.5961,5,296.0,16.6,396.9,14.69,23.1,0.13027359174921221,2.753023566744941
0.09178,0.0,4.05,0,0.51,6.416,84.1,2.6463,5,296.0,16.6,395.5,9.04,23.6,0.08780939182440828,2.306577114263583
0.08447,0.0,4.05,0,0.51,5.859,68.7,2.7019,5,296.0,16.6,393.23,9.64,22.6,0.08109138838488845,2.3646204839134985
0.06664,0.0,4.05,0,0.51,6.546,33.1,3.1323,5,296.0,16.6,390.96,5.33,29.4,0.06451352082506596,1.8453002361560848
0.07022,0.0,4.05,0,0.51,6.02,47.2,3.5549,5,296.0,16.6,393.23,10.11,23.2,0.06786423481612996,2.4078456036515385
0.05425,0.0,4.05,0,0.51,6.315,73.4,3.3175,5,296.0,16.6,395.6,6.29,24.6,0.05282961364453219,1.986503546020567
0.06642,0.0,4.05,0,0.51,6.86,74.4,2.9153,5,296.0,16.6,391.27,6.92,29.9,0.06430724439516707,2.0693912058263346
0.0578,0.0,2.46,0,0.488,6.98,58.4,2.829,3,193.0,17.8,396.9,5.04,37.2,0.05619127964974249,1.7984040119467235
0.06588,0.0,2.46,0,0.488,7.765,83.3,2.741,3,193.0,17.8,395.56,7.56,39.8,0.06380074905066188,2.1471001901536506
0.06888,0.0,2.46,0,0.488,6.144,62.2,2.5979,3,193.0,17.8,396.9,9.45,36.2,0.06661137129850153,2.34660197841082
0.09103,0.0,2.46,0,0.488,7.155,92.2,2.7006,3,193.0,17.8,394.12,4.82,37.9,0.087122204181403,1.7613002617433464
0.10008,0.0,2.46,0,0.488,6.563,95.6,2.847,3,193.0,17.8,396.9,5.68,32.5,0.09538290443255226,1.8991179875485542
0.08308,0.0,2.46,0,0.488,5.604,89.8,2.9879,3,193.0,17.8,391.0,13.98,26.4,0.07980883417341514,2.7067159780890733
0.06047,0.0,2.46,0,0.488,6.153,68.8,3.2797,3,193.0,17.8,387.11,13.15,29.6,0.058712206079331676,2.649714624089247
0.05602,0.0,2.46,0,0.488,7.831,53.6,3.1992,3,193.0,17.8,392.63,4.45,50.0,0.05450712449866107,1.6956156086751528
0.07875,45.0,3.44,0,0.437,6.782,41.1,3.7886,5,398.0,15.2,393.87,6.68,32.0,0.07580296341550066,2.038619547159581
0.12579,45.0,3.44,0,0.437,6.556,29.1,4.5667,5,398.0,15.2,382.84,4.56,29.8,0.11848501143594592,1.715598108262491
0.0837,45.0,3.44,0,0.437,7.185,38.9,4.5667,5,398.0,15.2,396.9,5.39,34.9,0.08038111194681245,1.8547342683894434
0.09068,45.0,3.44,0,0.437,6.951,21.5,6.4798,5,398.0,15.2,377.68,5.1,37.0,0.08680135493654229,1.8082887711792655
0.06911,45.0,3.44,0,0.437,6.739,30.8,6.4798,5,398.0,15.2,389.71,4.69,30.5,0.06682652665553059,1.7387102481382397
0.08664,45.0,3.44,0,0.437,7.178,26.3,6.4798,5,398.0,15.2,390.49,2.87,36.4,0.08309036653209825,1.3532545070416904
0.02187,60.0,2.93,0,0.401,6.8,9.9,6.2196,1,265.0,15.6,393.37,5.03,31.1,0.021634282125149704,1.7967470107390942
0.01439,60.0,2.93,0,0.401,6.604,18.8,6.2196,1,265.0,15.6,376.7,4.38,29.1,0.01428744660806955,1.682688374173693
0.01381,80.0,0.46,0,0.422,7.875,32.0,5.6484,4,255.0,14.4,394.23,2.97,50.0,0.01371551088594122,1.3787660946990992
0.04011,80.0,1.52,0,0.404,7.287,34.1,7.309,2,329.0,12.6,396.9,4.08,33.3,0.039326476790879826,1.6253112615903906
0.04666,80.0,1.52,0,0.404,7.107,36.6,7.309,2,329.0,12.6,354.31,8.61,30.3,0.04560414180501583,2.262804222982201
0.03768,80.0,1.52,0,0.404,7.274,38.3,7.309,2,329.0,12.6,392.2,6.62,34.6,0.036987452050280596,2.030776369698555
0.0315,95.0,1.47,0,0.403,6.975,15.3,7.6534,3,402.0,17.0,396.9,4.56,34.9,0.03101405352916946,1.715598108262491
0.01778,95.0,1.47,0,0.403,7.135,13.9,7.6534,3,402.0,17.0,384.3,4.45,32.9,0.017623784753549428,1.6956156086751528
0.03445,82.5,2.03,0,0.415,6.162,38.4,6.27,2,348.0,14.7,393.77,7.43,24.1,0.0338698845076152,2.131796772013764
0.02177,82.5,2.03,0,0.415,7.61,15.7,6.27,2,348.0,14.7,395.38,3.11,42.3,0.021536417530524612,1.413423028508143
0.0351,95.0,2.68,0,0.4161,7.853,33.2,5.118,4,224.0,14.7,392.78,3.81,48.5,0.034498040407567446,1.57069708411767
0.02009,95.0,2.68,0,0.4161,8.034,31.9,5.118,4,224.0,14.7,390.55,2.88,50.0,0.019890858697792765,1.355835153635182
0.13642,0.0,10.59,0,0.489,5.891,22.3,3.9454,4,277.0,18.6,396.9,10.87,22.6,0.12788297027984558,2.4740142086215764
0.22969,0.0,10.59,0,0.489,6.326,52.5,4.3549,4,277.0,18.6,394.87,10.97,24.4,0.20676210509846787,2.482403519569882
0.25199,0.0,10.59,0,0.489,5.783,72.7,4.3549,4,277.0,18.6,389.43,18.06,22.5,0.22473428542556148,2.947591898226056
0.13587,0.0,10.59,1,0.489,6.064,59.1,4.2392,4,277.0,18.6,381.32,14.66,24.4,0.12739887713087175,2.751109690562657
0.43571,0.0,10.59,1,0.489,5.344,100.0,3.875,4,277.0,18.6,396.9,23.09,20.0,0.3616595003706892,3.18179681662678
0.17446,0.0,10.59,1,0.489,5.96,92.1,3.8771,4,277.0,18.6,393.25,17.27,21.7,0.1608084674913248,2.9052603703899154
0.37578,0.0,10.59,1,0.489,5.404,88.6,3.665,4,277.0,18.6,395.24,23.98,19.3,0.31902084300745703,3.2180755046974316
0.21719,0.0,10.59,1,0.489,5.807,53.8,3.6526,4,277.0,18.6,390.94,16.03,22.4,0.19654492343019744,2.834976494674597
0.14052,0.0,10.59,0,0.489,6.375,32.3,3.9454,4,277.0,18.6,385.81,9.38,28.1,0.1314842987568961,2.3398808777377424
0.28955,0.0,10.59,0,0.489,5.412,9.8,3.5875,4,277.0,18.6,348.93,29.55,23.7,0.2542933203064257,3.4193646856176043
0.19802,0.0,10.59,0,0.489,6.182,42.4,3.9454,4,277.0,18.6,393.63,9.47,25.0,0.18067019404472417,2.3485140248824456
0.0456,0.0,13.89,1,0.55,5.888,56.0,3.1121,5,276.0,16.4,392.8,13.51,23.3,0.04459088332787514,2.6748380668960965
0.07013,0.0,13.89,0,0.55,6.642,85.1,3.4211,5,276.0,16.4,392.78,9.69,28.7,0.06778013642095809,2.3693087250369538
0.11069,0.0,13.89,1,0.55,5.951,93.8,2.8893,5,276.0,16.4,396.9,17.92,21.5,0.1049814438191745,2.9402195636237325
0.11425,0.0,13.89,1,0.55,6.373,92.4,3.3633,5,276.0,16.4,393.74,10.5,23.0,0.10818153284452815,2.4423470353692043
0.35809,0.0,6.2,1,0.507,6.951,88.5,2.8617,8,307.0,17.4,391.7,9.71,26.7,0.3060793008727377,2.3711778844596574
0.40771,0.0,6.2,1,0.507,6.164,91.3,3.048,8,307.0,17.4,395.24,21.46,21.7,0.341964270612869,3.111735949310297
0.62356,0.0,6.2,1,0.507,6.879,77.7,3.2721,8,307.0,17.4,390.39,9.93,27.5,0.4846212690691169,2.391511302188447
0.6147,0.0,6.2,0,0.507,6.618,80.8,3.2721,8,307.0,17.4,396.9,7.6,30.1,0.47914918090543834,2.151762203259462
0.31533,0.0,6.2,0,0.504,8.266,78.3,2.8944,8,307.0,17.4,385.05,4.14,44.8,0.2740875847172427,1.6370530794670737
0.52693,0.0,6.2,0,0.504,8.725,83.0,2.8944,8,307.0,17.4,382.0,4.63,50.0,0.4232591836664219,1.728109442151599
0.38214,0.0,6.2,0,0.504,8.04,86.5,3.2157,8,307.0,17.4,387.38,3.13,37.6,0.32363302267493305,1.4182774069729414
0.41238,0.0,6.2,0,0.504,7.163,79.9,3.2157,8,307.0,17.4,372.08,6.36,31.6,0.3452762246773023,1.9960599327407849
0.29819,0.0,6.2,0,0.504,7.686,17.0,3.3751,8,307.0,17.4,377.51,3.92,46.7,0.2609709866142154,1.5933085305042167
0.44178,0.0,6.2,0,0.504,6.552,21.4,3.3751,8,307.0,17.4,380.34,3.76,31.5,0.36587846134267826,1.5602476682433286
0.537,0.0,6.2,0,0.504,5.981,68.1,3.6715,8,307.0,17.4,378.35,11.65,24.3,0.4298324645564588,2.5376572151735295
0.46296,0.0,6.2,0,0.504,7.412,76.9,3.6715,8,307.0,17.4,376.14,5.25,31.7,0.3804617805842404,1.8325814637483102
0.57529,0.0,6.2,0,0.507,8.337,73.3,3.8384,8,307.0,17.4,385.91,2.47,41.7,0.4544393823124307,1.244154593958768
0.33147,0.0,6.2,0,0.507,8.247,70.4,3.6519,8,307.0,17.4,378.95,3.95,48.3,0.2862835950379259,1.599387576580599
0.44791,0.0,6.2,1,0.507,6.726,66.5,3.6519,8,307.0,17.4,360.2,8.05,29.0,0.37012113733570884,2.2027647577118348
0.33045,0.0,6.2,0,0.507,6.086,61.5,3.6519,8,307.0,17.4,376.75,10.88,24.0,0.2855172308722698,2.474856313934499
0.52058,0.0,6.2,1,0.507,6.631,76.5,4.148,8,307.0,17.4,388.45,9.54,25.1,0.41909184102282127,2.355177543113216
0.51183,0.0,6.2,0,0.507,7.358,71.6,4.148,8,307.0,17.4,390.07,4.73,31.5,0.4133208375737469,1.7457155307266483
0.08244,30.0,4.93,0,0.428,6.481,18.5,6.1899,6,300.0,16.6,379.41,6.36,23.7,0.07921775210662887,1.9960599327407849
0.09252,30.0,4.93,0,0.428,6.606,42.2,6.1899,6,300.0,16.6,383.78,7.37,23.3,0.08848695445619936,2.124653884501384
0.11329,30.0,4.93,0,0.428,6.897,54.3,6.3361,6,300.0,16.6,391.25,11.38,22.0,0.10731959540732398,2.5160822672564502
0.10612,30.0,4.93,0,0.428,6.095,65.1,6.3361,6,300.0,16.6,394.62,12.4,20.1,0.10085839631038275,2.5952547069568657
0.1029,30.0,4.93,0,0.428,6.358,52.9,7.0355,6,300.0,16.6,372.75,11.22,22.2,0.09794307432996419,2.503073953743449
0.12757,30.0,4.93,0,0.428,6.393,7.8,7.0355,6,300.0,16.6,374.71,5.19,23.7,0.12006487472475483,1.8229350866965048
0.20608,22.0,5.86,0,0.431,5.593,76.5,7.9549,7,330.0,19.1,372.49,12.5,17.6,0.18737543109663357,2.6026896854443837
0.19133,22.0,5.86,0,0.431,5.605,70.2,7.9549,7,330.0,19.1,389.13,18.46,18.5,0.17507033007976175,2.968361076757859
0.33983,22.0,5.86,0,0.431,6.108,34.9,8.0555,7,330.0,19.1,390.18,9.16,24.3,0.2925427402430482,2.318458442150336
0.19657,22.0,5.86,0,0.431,6.226,79.2,8.0555,7,330.0,19.1,376.14,10.15,20.5,0.1794591306249127,2.411439497906128
0.16439,22.0,5.86,0,0.431,6.433,49.1,7.8265,7,330.0,19.1,374.71,9.52,24.5,0.1521973447384029,2.3532782073095637
0.19073,22.0,5.86,0,0.431,6.718,17.5,7.8265,7,330.0,19.1,393.74,6.56,26.2,0.17456656442088753,2.0228711901914416
0.1403,22.0,5.86,0,0.431,6.487,13.0,7.3967,7,330.0,19.1,396.28,5.9,24.4,0.13129138568117568,1.9315214116032138
0.21409,22.0,5.86,0,0.431,6.438,8.9,7.3967,7,330.0,19.1,377.07,3.59,24.8,0.19399482498004605,1.5238800240724537
0.08221,22.0,5.86,0,0.431,6.957,6.8,8.9067,7,330.0,19.1,386.09,3.53,29.6,0.07900524661995385,1.5107219394949425
0.36894,22.0,5.86,0,0.431,8.259,8.4,8.9067,7,330.0,19.1,396.9,3.54,42.8,0.3140367177344588,1.5129270120532565
0.04819,80.0,3.64,0,0.392,6.108,32.0,9.2203,1,315.0,16.4,392.89,6.57,21.9,0.04706486717633035,2.0241930674493576
0.03548,80.0,3.64,0,0.392,5.876,19.1,9.2203,1,315.0,16.4,395.18,9.25,20.9,0.034865087326079396,2.327277705584417
0.01538,90.0,3.75,0,0.394,7.454,34.2,6.3361,3,244.0,15.9,386.34,3.11,44.0,0.01526292666591237,1.413423028508143
0.61154,20.0,3.97,0,0.647,8.704,86.9,1.801,5,264.0,13.0,389.7,5.12,50.0,0.47719024356009226,1.8115620965242347
0.66351,20.0,3.97,0,0.647,7.333,100.0,1.8946,5,264.0,13.0,383.29,7.79,36.0,0.508929827880027,2.1736147116970854
0.65665,20.0,3.97,0,0.647,6.842,100.0,2.0107,5,264.0,13.0,391.93,6.9,30.1,0.5047974910276488,2.066862759472976
0.54011,20.0,3.97,0,0.647,7.203,81.8,2.1121,5,264.0,13.0,392.8,9.59,33.8,0.4318538424460674,2.359910159613315
0.53412,20.0,3.97,0,0.647,7.52,89.4,2.1398,5,264.0,13.0,388.37,7.26,43.1,0.42795692674339125,2.1114245875328868
0.52014,20.0,3.97,0,0.647,8.398,91.5,2.2885,5,264.0,13.0,386.86,5.91,48.8,0.4188024358799136,1.9329696377795786
0.82526,20.0,3.97,0,0.647,7.327,94.5,2.0788,5,264.0,13.0,393.42,11.25,31.0,0.6017224426405977,2.505525936990736
0.55007,20.0,3.97,0,0.647,7.206,91.6,1.9301,5,264.0,13.0,387.89,8.1,36.5,0.4383000912017374,2.2082744135228043
0.76162,20.0,3.97,0,0.647,5.56,62.8,1.9865,5,264.0,13.0,392.4,10.45,22.8,0.5662338402369981,2.4379897300002487
0.7857,20.0,3.97,0,0.647,7.014,84.6,2.1329,5,264.0,13.0,384.07,14.79,30.7,0.579810495220942,2.7593768282675506
0.57834,20.0,3.97,0,0.575,8.297,67.0,2.4216,5,264.0,13.0,384.54,7.44,50.0,0.45637366182584765,2.132982308607866
0.5405,20.0,3.97,0,0.575,7.47,52.6,2.872,5,264.0,13.0,390.3,3.16,43.5,0.43210703905458553,1.425515074273172
0.09065,20.0,6.96,1,0.464,5.92,61.5,3.9175,3,223.0,18.6,391.34,13.65,20.7,0.08677384878203846,2.6844403354630764
0.29916,20.0,6.96,0,0.464,5.856,42.1,4.429,3,223.0,18.6,388.65,13.0,21.1,0.26171790177397086,2.6390573296152584
0.16211,20.0,6.96,0,0.464,6.24,16.3,4.429,3,223.0,18.6,396.9,6.59,25.2,0.1502373183211034,2.0268315914075385
0.1146,20.0,6.96,0,0.464,6.538,58.7,3.9175,3,223.0,18.6,394.96,7.73,24.4,0.10849559615329891,2.166765369851511
0.22188,20.0,6.96,1,0.464,7.691,51.8,4.3665,3,223.0,18.6,390.77,6.58,35.2,0.2003906562548323,2.0255131996542803
0.05644,40.0,6.41,1,0.447,6.758,32.9,4.0776,4,254.0,17.6,396.9,3.53,32.4,0.05490476516928596,1.5107219394949425
0.09604,40.0,6.41,0,0.447,6.854,42.8,4.2673,4,254.0,17.6,396.9,2.98,32.0,0.09170368421021316,1.3812818192963463
0.10469,40.0,6.41,1,0.447,7.267,49.0,4.7872,4,254.0,17.6,389.25,6.05,33.2,0.09956475262374566,1.9530276168241774
0.06127,40.0,6.41,1,0.447,6.826,27.6,4.8628,4,254.0,17.6,393.45,4.16,33.1,0.059466304166666525,1.6409365794934714
0.07978,40.0,6.41,0,0.447,6.482,32.1,4.1403,4,254.0,17.6,396.9,7.19,29.1,0.07675731668200717,2.1029138978649784
0.21038,20.0,3.33,0,0.4429,6.812,32.2,4.1007,5,216.0,14.9,396.9,4.85,35.1,0.19093435989217727,1.766441661243765
0.03578,20.0,3.33,0,0.4429,7.82,64.5,4.6947,5,216.0,14.9,387.31,3.76,45.4,0.035154766074375454,1.5602476682433286
0.03705,20.0,3.33,0,0.4429,6.968,37.2,5.2447,5,216.0,14.9,392.23,4.59,35.4,0.0363801440927505,1.7209792871670078
0.06129,20.0,3.33,1,0.4429,7.645,49.7,5.2119,5,216.0,14.9,377.07,3.01,46.0,0.05948514933476599,1.3887912413184778
0.01501,90.0,1.21,1,0.401,7.923,24.8,5.885,1,198.0,13.6,395.52,3.16,50.0,0.014898464661966655,1.425515074273172
0.00906,90.0,2.97,0,0.4,7.088,20.8,7.3073,1,285.0,15.3,394.72,7.85,32.2,0.00901920442015993,2.180417459019838
0.01096,55.0,2.25,0,0.389,6.453,31.9,7.3073,1,300.0,15.3,394.72,8.23,22.0,0.010900374468288253,2.222459048514761
0.01965,80.0,1.76,0,0.385,6.23,31.5,9.0892,1,241.0,18.2,341.6,12.93,20.1,0.01945943115621908,2.6340447877917144
0.03871,52.5,5.32,0,0.405,6.209,31.3,7.3172,6,293.0,16.6,396.9,7.14,23.2,0.03797955862417436,2.096790180014449
0.0459,52.5,5.32,0,0.405,6.315,45.6,7.3172,6,293.0,16.6,396.9,7.6,22.3,0.044877758778085454,2.151762203259462
0.04297,52.5,5.32,0,0.405,6.565,22.9,7.3172,6,293.0,16.6,371.72,9.51,24.8,0.04207241242184152,2.3523271848888596
0.03502,80.0,4.95,0,0.411,6.861,27.9,5.1167,4,245.0,19.2,396.9,3.33,28.5,0.03442075020213025,1.4655675420143985
0.07886,80.0,4.95,0,0.411,7.148,27.7,5.1167,4,245.0,19.2,396.9,3.56,37.3,0.07590492808946425,1.5173226235262949
0.03615,80.0,4.95,0,0.411,6.63,23.4,5.1167,4,245.0,19.2,396.9,4.7,27.9,0.03551192100135957,1.7404661748405046
0.08265,0.0,13.92,0,0.437,6.127,18.4,5.5027,4,289.0,16.0,396.9,8.58,23.9,0.07941173942416169,2.259677591982769
0.08199,0.0,13.92,0,0.437,6.009,42.3,5.5027,4,289.0,16.0,396.9,10.4,21.7,0.07880193823740345,2.4336133554004498
0.12932,0.0,13.92,0,0.437,6.678,31.1,5.9604,4,289.0,16.0,396.9,6.27,28.6,0.12161568167655971,1.9837562915454279
0.05372,0.0,13.92,0,0.437,6.549,51.0,5.9604,4,289.0,16.0,392.85,7.39,27.1,0.052326760177767426,2.127040520479115
0.14103,0.0,13.92,0,0.437,5.79,58.0,6.32,4,289.0,16.0,396.9,15.84,20.3,0.13193136325997015,2.8237570088141806
0.06466,70.0,2.24,0,0.4,6.345,20.1,7.8278,5,358.0,14.8,368.24,4.97,22.5,0.06265549936434228,1.7867469274045107
0.05561,70.0,2.24,0,0.4,7.041,10.0,7.8278,5,358.0,14.8,371.58,4.74,29.0,0.054118798887496024,1.747459210331475
0.04417,70.0,2.24,0,0.4,6.871,47.4,7.8278,5,358.0,14.8,390.86,6.07,24.8,0.04322231145326899,1.9558604799084813
0.03537,34.0,6.09,0,0.433,6.59,40.4,5.4917,7,329.0,16.1,395.75,9.5,22.0,0.03475885075645489,2.3513752571634776
0.09266,34.0,6.09,0,0.433,6.495,18.4,5.4917,7,329.0,16.1,383.61,8.67,26.4,0.0886150903536463,2.269028309465203
0.1,34.0,6.09,0,0.433,6.982,17.7,5.4917,7,329.0,16.1,390.43,4.86,33.1,0.09531017980432487,1.7681496035889213
0.05515,33.0,2.18,0,0.472,7.236,41.1,4.022,7,222.0,18.4,393.68,6.93,36.1,0.05368293691618483,2.0706530356467567
0.05479,33.0,2.18,0,0.472,6.616,58.1,3.37,7,222.0,18.4,393.36,8.93,28.4,0.053341694981823305,2.295560478057081
0.07503,33.0,2.18,0,0.472,7.42,71.9,3.0992,7,222.0,18.4,396.9,6.47,33.4,0.07234856816697788,2.010894999144726
0.04932,33.0,2.18,0,0.472,6.849,70.3,3.1827,7,222.0,18.4,396.9,7.53,28.2,0.04814233532601414,2.143589361503588
0.49298,0.0,9.9,0,0.544,6.635,82.5,3.3175,4,304.0,18.4,396.9,4.54,22.8,0.4007741226200408,1.7119945007591924
0.3494,0.0,9.9,0,0.544,5.972,76.7,3.1025,4,304.0,18.4,396.24,9.97,20.3,0.29966004921118794,2.395164274287139
2.63548,0.0,9.9,0,0.544,4.973,37.8,2.5194,4,304.0,18.4,350.45,12.64,16.1,1.290741151786282,2.613006652415316
0.79041,0.0,9.9,0,0.544,6.122,52.8,2.6403,4,304.0,18.4,396.9,5.98,22.1,0.5824446439039829,1.9430489167742813
0.26169,0.0,9.9,0,0.544,6.023,90.4,2.834,4,304.0,18.4,396.3,11.72,19.4,0.2324520921057716,2.543175557911976
0.26938,0.0,9.9,0,0.544,6.266,82.8,3.2628,4,304.0,18.4,393.39,7.9,21.6,0.23852859229108633,2.186051276738094
0.3692,0.0,9.9,0,0.544,6.567,87.3,3.6023,4,304.0,18.4,395.69,9.28,23.8,0.3142266276738932,2.330200260027019
0.25356,0.0,9.9,0,0.544,5.705,77.7,3.945,4,304.0,18.4,396.42,11.5,16.2,0.22598750344594104,2.5257286443082556
0.31827,0.0,9.9,0,0.544,5.914,83.2,3.9986,4,304.0,18.4,390.7,18.33,17.8,0.27632027094240774,2.9616582932202395
0.24522,0.0,9.9,0,0.544,5.782,71.7,4.0317,4,304.0,18.4,396.9,15.94,19.8,0.21931222113316776,2.8296776892239084
0.40202,0.0,9.9,0,0.544,6.382,67.2,3.5325,4,304.0,18.4,395.21,10.36,23.1,0.3379140538458848,2.4300984132930052
0.47547,0.0,9.9,0,0.544,6.113,58.8,4.0019,4,304.0,18.4,396.23,12.73,21.0,0.3889765831033406,2.6195832197798796
0.1676,0.0,7.38,0,0.493,6.426,52.3,4.5404,5,287.0,19.6,396.9,7.2,23.8,0.15495035999782264,2.1041341542702074
0.18159,0.0,7.38,0,0.493,6.376,54.3,4.5404,5,287.0,19.6,396.9,6.87,23.1,0.1668609890983406,2.063058062429312
0.35114,0.0,7.38,0,0.493,6.041,49.9,4.7211,5,287.0,19.6,396.9,7.7,20.4,0.3009486805521662,2.163323025660538
0.28392,0.0,7.38,0,0.493,5.708,74.3,4.7211,5,287.0,19.6,391.13,11.74,18.5,0.24991789803076372,2.5447466501440172
0.34109,0.0,7.38,0,0.493,6.415,40.1,4.7211,5,287.0,19.6,396.9,6.12,25.0,0.29348271614145116,1.9629077254238845
0.19186,0.0,7.38,0,0.493,6.431,14.7,5.4159,5,287.0,19.6,393.68,5.08,24.6,0.17551511208097656,1.8050046959780757
0.30347,0.0,7.38,0,0.493,6.312,28.9,5.4159,5,287.0,19.6,396.9,6.15,23.0,0.26502993916684736,1.9671123567059163
0.24103,0.0,7.38,0,0.493,6.083,43.7,5.4159,5,287.0,19.6,396.9,12.79,22.2,0.21594167998346536,2.6239436918052106
0.06617,0.0,3.24,0,0.46,5.868,25.8,5.2146,4,430.0,16.9,382.44,9.97,19.3,0.06407278770058891,2.395164274287139
0.06724,0.0,3.24,0,0.46,6.333,17.2,5.2146,4,430.0,16.9,375.21,7.34,22.6,0.06507587673618768,2.1210632163706555
0.04544,0.0,3.24,0,0.46,6.144,32.2,5.8736,4,430.0,16.9,368.57,9.09,19.8,0.04443784943056829,2.3115448343655176
0.05023,35.0,6.06,0,0.4379,5.706,28.4,6.6407,1,304.0,16.9,394.02,12.43,17.1,0.049009187801052775,2.5974910105351463
0.03466,35.0,6.06,0,0.4379,6.031,23.3,6.6407,1,304.0,16.9,362.25,7.83,19.4,0.03407287033313542,2.178155014615869
0.05083,0.0,5.19,0,0.515,6.316,38.1,6.4584,5,224.0,20.2,389.71,5.68,22.2,0.049580328098150495,1.8991179875485542
0.03738,0.0,5.19,0,0.515,6.31,38.5,6.4584,5,224.0,20.2,389.4,6.75,20.7,0.03669830378267371,2.0476928433652555
0.03961,0.0,5.19,0,0.515,6.037,34.5,5.9853,5,224.0,20.2,396.9,8.01,21.1,0.03884564282319823,2.1983350716202463
0.03427,0.0,5.19,0,0.515,5.869,46.3,5.2311,5,224.0,20.2,396.9,9.8,19.5,0.03369586385672553,2.379546134130174
0.03041,0.0,5.19,0,0.515,5.895,59.6,5.615,5,224.0,20.2,394.81,10.56,18.5,0.029956781289803308,2.4475508632442313
0.03306,0.0,5.19,0,0.515,6.059,37.3,4.8122,5,224.0,20.2,396.14,8.51,20.6,0.032525271703396835,2.252343876557299
0.05497,0.0,5.19,0,0.515,5.985,45.4,4.8122,5,224.0,20.2,396.9,9.74,19.0,0.05351233050476122,2.3739750890807185
0.06151,0.0,5.19,0,0.515,5.968,58.5,4.8122,5,224.0,20.2,396.9,9.29,18.7,0.059692422747982164,2.331172549845958
0.01301,35.0,1.52,0,0.442,7.241,49.3,7.0379,1,284.0,15.5,394.74,5.49,32.7,0.012926096886133677,1.8702625307159986
0.02498,0.0,1.89,0,0.518,6.54,59.7,6.2669,1,422.0,15.9,389.96,8.65,16.5,0.024673100204884193,2.2669579153508947
0.02543,55.0,3.78,0,0.484,6.696,56.4,5.7321,5,370.0,17.6,396.9,7.18,23.9,0.025112036814854834,2.1016921506146558
0.03049,55.0,3.78,0,0.484,6.874,28.1,6.4654,5,370.0,17.6,387.97,4.61,31.2,0.030034417274121015,1.724550719534605
0.03113,0.0,4.39,0,0.442,6.014,48.5,8.0136,3,352.0,18.8,385.64,10.53,17.5,0.030655288259616865,2.4449523342809676
0.06162,0.0,4.39,0,0.442,5.898,52.3,8.0136,3,352.0,18.8,364.61,12.67,17.2,0.05979604334596572,2.6152036507358583
0.0187,85.0,4.15,0,0.429,6.516,27.7,8.5353,4,351.0,17.9,392.43,6.36,23.1,0.018527304613883622,1.9960599327407849
0.01501,80.0,2.01,0,0.435,6.635,29.7,8.344,4,280.0,17.0,390.94,5.99,24.5,0.014898464661966655,1.944480556245719
0.02899,40.0,1.25,0,0.429,6.939,34.5,8.7921,1,335.0,19.7,389.85,5.89,26.6,0.028577738631707327,1.9300710850255671
0.06211,40.0,1.25,0,0.429,6.49,44.4,8.7921,1,335.0,19.7,396.9,5.98,22.9,0.06025749561032605,1.9430489167742813
0.0795,60.0,1.69,0,0.411,6.579,35.9,10.7103,4,411.0,18.3,370.78,5.49,24.1,0.07649797097272498,1.8702625307159986
0.07244,60.0,1.69,0,0.411,5.884,18.5,10.7103,4,411.0,18.3,392.33,7.79,18.6,0.06993642619916386,2.1736147116970854
0.01709,90.0,2.02,0,0.41,6.728,36.1,12.1265,5,187.0,17.0,384.46,4.5,30.1,0.016945608726141724,1.7047480922384253
0.04301,80.0,1.91,0,0.413,5.663,21.9,10.5857,4,334.0,22.0,382.8,8.05,18.2,0.042110763700381956,2.2027647577118348
0.10659,80.0,1.91,0,0.413,5.936,19.5,10.5857,4,334.0,22.0,376.04,5.57,20.6,0.10128321475208404,1.8825138324965192
8.98296,0.0,18.1,1,0.77,6.212,97.4,2.1222,24,666.0,20.2,377.73,17.6,17.8,2.3008796395346813,2.9231615807191558
3.8497,0.0,18.1,1,0.77,6.395,91.0,2.5052,24,666.0,20.2,391.34,13.27,21.7,1.578916847366148,2.658159431488745
5.20177,0.0,18.1,1,0.77,6.127,83.4,2.7227,24,666.0,20.2,395.43,11.48,22.7,1.8248347351792473,2.5241273629412815
4.26131,0.0,18.1,0,0.77,6.112,81.3,2.5091,24,666.0,20.2,390.74,12.67,22.6,1.6603800451716153,2.6152036507358583
4.54192,0.0,18.1,0,0.77,6.398,88.0,2.5182,24,666.0,20.2,374.56,7.79,25.0,1.7123410111146564,2.1736147116970854
3.83684,0.0,18.1,0,0.77,6.251,91.1,2.2955,24,666.0,20.2,350.65,14.19,19.9,1.5762616149393935,2.7206373166076814
3.67822,0.0,18.1,0,0.77,5.362,96.2,2.1036,24,666.0,20.2,380.79,10.19,20.8,1.5429176957008952,2.4150205223238337
4.22239,0.0,18.1,1,0.77,5.803,89.0,1.9047,24,666.0,20.2,353.04,14.64,16.8,1.6529551515173315,2.7498317351171653
3.47428,0.0,18.1,1,0.718,8.78,82.9,1.9047,24,666.0,20.2,354.55,5.29,21.9,1.4983454449272653,1.8389610707123492
4.55587,0.0,18.1,0,0.718,3.561,87.9,1.6132,24,666.0,20.2,354.7,7.12,27.5,1.7148550264902072,2.0943301541735866
3.69695,0.0,18.1,0,0.718,4.963,91.4,1.7523,24,666.0,20.2,316.03,14.0,21.9,1.5469133618955864,2.70805020110221
13.5222,0.0,18.1,0,0.631,3.863,100.0,1.5106,24,666.0,20.2,131.42,13.33,23.1,2.675678513070904,2.6623552418400807
4.89822,0.0,18.1,0,0.631,4.97,100.0,1.3325,24,666.0,20.2,375.52,3.26,50.0,1.7746506104773532,1.449269160281279
5.66998,0.0,18.1,1,0.631,6.683,96.8,1.3567,24,666.0,20.2,375.33,3.73,50.0,1.8976168614222872,1.5539252025038417
6.53876,0.0,18.1,1,0.631,7.016,97.5,1.2024,24,666.0,20.2,392.05,2.96,50.0,2.020057712262034,1.3762440252663892
9.2323,0.0,18.1,0,0.631,6.216,100.0,1.1691,24,666.0,20.2,366.15,9.53,50.0,2.3255493836278043,2.354228326145884
8.26725,0.0,18.1,1,0.668,5.875,89.6,1.1296,24,666.0,20.2,347.88,8.88,50.0,2.226486679687524,2.2905125117597764
11.1081,0.0,18.1,0,0.668,4.906,100.0,1.1742,24,666.0,20.2,396.9,34.77,13.8,2.493874650127679,3.5771095532709265
18.4982,0.0,18.1,0,0.668,4.138,100.0,1.137,24,666.0,20.2,396.9,37.97,13.8,2.970322153616776,3.662792119350618
19.6091,0.0,18.1,0,0.671,7.313,97.9,1.3163,24,666.0,20.2,396.9,13.44,15.0,3.0257327258266167,2.67000213346468
15.288,0.0,18.1,0,0.671,6.649,93.3,1.3449,24,666.0,20.2,363.02,23.24,13.9,2.7904286403681122,3.1880041612011136
9.82349,0.0,18.1,0,0.671,6.794,98.8,1.358,24,666.0,20.2,396.9,21.24,13.3,2.381718772241792,3.1018924693823817
23.6482,0.0,18.1,0,0.671,6.38,96.2,1.3861,24,666.0,20.2,396.9,23.69,13.1,3.204703875510067,3.206398303357088
17.8667,0.0,18.1,0,0.671,6.223,100.0,1.3861,24,666.0,20.2,393.74,21.78,10.2,2.937398463323919,3.125882958019036
15.8744,0.0,18.1,0,0.671,6.545,99.1,1.5192,24,666.0,20.2,396.9,21.08,10.9,2.825797680570924,3.0946722214088944
9.18702,0.0,18.1,0,0.7,5.536,100.0,1.5804,24,666.0,20.2,396.9,23.6,11.3,2.321114360892544,3.202746442938317
7.99248,0.0,18.1,0,0.7,5.52,100.0,1.5331,24,666.0,20.2,396.9,24.56,12.3,2.19638867250955,3.241028629509334
20.0849,0.0,18.1,0,0.7,4.368,91.2,1.4395,24,666.0,20.2,285.83,30.63,8.8,3.04855714447919,3.4541060373175574
16.8118,0.0,18.1,0,0.7,5.277,98.1,1.4261,24,666.0,20.2,396.9,30.81,7.2,2.879861159011059,3.4597807057610526
24.3938,0.0,18.1,0,0.7,4.652,100.0,1.4672,24,666.0,20.2,396.9,28.28,10.5,3.2345050497403935,3.3769046890931107
22.5971,0.0,18.1,0,0.7,5.0,89.5,1.5184,24,666.0,20.2,396.9,31.99,7.4,3.1611238231251,3.49620448524049
14.3337,0.0,18.1,0,0.7,4.88,100.0,1.5895,24,666.0,20.2,372.92,30.62,10.2,2.730053020578551,3.453789831781326
8.15174,0.0,18.1,0,0.7,5.39,98.9,1.7281,24,666.0,20.2,396.9,20.85,11.5,2.213944025142987,3.084200921541599
6.96215,0.0,18.1,0,0.7,5.713,97.0,1.9265,24,666.0,20.2,394.43,17.11,15.1,2.0746990638882306,2.896464271895322
5.29305,0.0,18.1,0,0.7,6.051,82.5,2.1678,24,666.0,20.2,378.38,18.76,23.2,1.8394458498493202,2.983659692319722
11.5779,0.0,18.1,0,0.7,5.036,97.0,1.77,24,666.0,20.2,396.9,25.68,9.7,2.531941305700138,3.283914221047423
8.64476,0.0,18.1,0,0.693,6.193,92.6,1.7912,24,666.0,20.2,396.9,15.17,13.8,2.266414762688843,2.783157673589016
13.3598,0.0,18.1,0,0.693,5.887,94.7,1.7821,24,666.0,20.2,396.9,16.35,12.7,2.6644326359464867,2.8535925063928684
8.71675,0.0,18.1,0,0.693,6.471,98.8,1.7257,24,666.0,20.2,391.98,17.12,13.1,2.273851200420946,2.8970163006148333
5.87205,0.0,18.1,0,0.693,6.405,96.0,1.6768,24,666.0,20.2,396.9,19.37,12.5,1.9274624605576969,3.0140632302387145
7.67202,0.0,18.1,0,0.693,5.747,98.9,1.6334,24,666.0,20.2,393.1,19.92,8.5,2.160101750967694,3.040705639196722
38.3518,0.0,18.1,0,0.693,5.453,100.0,1.4896,24,666.0,20.2,396.9,30.59,5.0,3.672541717146316,3.4528406148139936
9.91655,0.0,18.1,0,0.693,5.852,77.8,1.5004,24,666.0,20.2,338.16,29.97,6.3,2.390279986333144,3.4330189939851112
25.0461,0.0,18.1,0,0.693,5.987,100.0,1.5888,24,666.0,20.2,396.9,26.77,5.6,3.2598680448992714,3.323956301318708
14.2362,0.0,18.1,0,0.693,6.343,100.0,1.5741,24,666.0,20.2,396.9,20.32,7.2,2.7236741753351374,3.0596455992976437
9.59571,0.0,18.1,0,0.693,6.404,100.0,1.639,24,666.0,20.2,376.11,20.31,12.1,2.360449202216868,3.0591764461105257
24.8017,0.0,18.1,0,0.693,5.349,96.0,1.7028,24,666.0,20.2,396.9,19.77,8.3,3.250440381229692,3.033509637888021
20.7162,0.0,18.1,0,0.659,4.138,100.0,1.1781,24,666.0,20.2,370.22,23.34,11.9,3.0780585258000213,3.1921210875593813
11.9511,0.0,18.1,0,0.659,5.608,100.0,1.2852,24,666.0,20.2,332.09,12.13,27.9,2.5611807266231144,2.574899688314705
7.40389,0.0,18.1,0,0.597,5.617,97.9,1.4547,24,666.0,20.2,314.64,26.4,17.2,2.1286946938918567,3.3105430133940246
14.4383,0.0,18.1,0,0.597,6.852,100.0,1.4655,24,666.0,20.2,179.36,19.78,27.5,2.736851434907838,3.0339909856710814
14.0507,0.0,18.1,0,0.597,6.657,100.0,1.5275,24,666.0,20.2,35.05,21.22,17.2,2.7114245017411593,3.100992784211484
18.811,0.0,18.1,0,0.597,4.628,100.0,1.5539,24,666.0,20.2,28.79,34.37,17.9,2.9862373389921895,3.5658640032173894
28.6558,0.0,18.1,0,0.597,5.155,100.0,1.5894,24,666.0,20.2,210.97,20.08,16.3,3.3896577218278483,3.0483247236731614
18.0846,0.0,18.1,0,0.679,6.434,100.0,1.8347,24,666.0,20.2,27.25,29.05,7.2,2.9488817271093315,3.4028626609812167
10.8342,0.0,18.1,0,0.679,6.782,90.8,1.8195,24,666.0,20.2,21.57,25.79,7.5,2.4709936445680034,3.2880286835565173
25.9406,0.0,18.1,0,0.679,5.304,89.1,1.6475,24,666.0,20.2,127.36,26.64,10.4,3.293634442449129,3.319263998899469
11.8123,0.0,18.1,0,0.718,6.824,76.5,1.794,24,666.0,20.2,48.45,22.74,8.4,2.5504056470206957,3.167161389181522
11.0874,0.0,18.1,0,0.718,6.411,100.0,1.8589,24,666.0,20.2,318.75,15.02,16.7,2.492163587735884,2.7738379416402132
7.02259,0.0,18.1,0,0.718,6.006,95.3,1.8746,24,666.0,20.2,319.98,15.7,14.2,2.0822613123870632,2.8154087194227095
12.0482,0.0,18.1,0,0.614,5.648,87.6,1.9512,24,666.0,20.2,291.55,14.1,20.8,2.5686501932208596,2.714694743820879
7.05042,0.0,18.1,0,0.614,6.103,85.1,2.0218,24,666.0,20.2,2.52,23.29,13.4,2.085724263982504,3.190064743014081
8.79212,0.0,18.1,0,0.584,5.565,70.6,2.0635,24,666.0,20.2,3.65,17.16,11.7,2.2815779805968406,2.8992213731731473
15.8603,0.0,18.1,0,0.679,5.896,95.4,1.9096,24,666.0,20.2,7.68,24.39,8.3,2.8249617460097114,3.234355395716587
12.2472,0.0,18.1,0,0.584,5.837,59.7,1.9976,24,666.0,20.2,24.65,15.69,10.2,2.5837862093461372,2.8148097376737438
37.6619,0.0,18.1,0,0.679,6.202,78.7,1.8629,24,666.0,20.2,18.82,14.52,10.9,3.6548546189770925,2.7421295147550726
7.36711,0.0,18.1,0,0.679,6.193,78.1,1.9356,24,666.0,20.2,96.73,21.52,11.0,2.1243085441136205,3.1144038032714896
9.33889,0.0,18.1,0,0.679,6.38,95.6,1.9682,24,666.0,20.2,60.72,24.08,9.5,2.335912513221137,3.22207071576472
8.49213,0.0,18.1,0,0.584,6.348,86.1,2.0527,24,666.0,20.2,83.45,17.64,14.5,2.2504630342235155,2.925309809257445
10.0623,0.0,18.1,0,0.584,6.833,94.3,2.0882,24,666.0,20.2,81.33,19.69,14.1,2.4035429310745737,3.029650491757452
6.44405,0.0,18.1,0,0.584,6.425,74.8,2.2004,24,666.0,20.2,97.95,12.03,16.1,2.0074150555763612,2.567254391136754
5.58107,0.0,18.1,0,0.713,6.436,87.9,2.3158,24,666.0,20.2,100.19,16.22,14.3,1.8841973460987684,2.8460714989995846
13.9134,0.0,18.1,0,0.713,6.208,95.0,2.2222,24,666.0,20.2,100.63,15.17,11.7,2.7022601376565687,2.783157673589016
11.1604,0.0,18.1,0,0.74,6.629,94.6,2.1247,24,666.0,20.2,109.85,23.27,13.4,2.498184770733843,3.18924101973851
14.4208,0.0,18.1,0,0.74,6.461,93.3,2.0026,24,666.0,20.2,27.49,18.05,9.6,2.7357172474638767,2.94706710157271
15.1772,0.0,18.1,0,0.74,6.152,100.0,1.9142,24,666.0,20.2,9.32,26.45,8.7,2.7836028435028815,3.3123661679555396
13.6781,0.0,18.1,0,0.74,5.935,87.9,1.8206,24,666.0,20.2,68.95,34.02,8.4,2.6863565870169546,3.555919326857706
9.39063,0.0,18.1,0,0.74,5.627,93.9,1.8172,24,666.0,20.2,396.9,22.88,12.8,2.340904438499074,3.1730412885244013
22.0511,0.0,18.1,0,0.74,5.818,92.4,1.8662,24,666.0,20.2,391.45,22.11,10.5,3.137713490646716,3.1402654242862895
9.72418,0.0,18.1,0,0.74,6.406,97.2,2.0651,24,666.0,20.2,385.96,19.52,17.1,2.372501005014648,3.021400020302569
5.66637,0.0,18.1,0,0.74,6.219,100.0,2.0048,24,666.0,20.2,395.69,16.59,18.4,1.8970754838957269,2.8673305587494666
9.96654,0.0,18.1,0,0.74,6.485,100.0,1.9784,24,666.0,20.2,386.73,18.85,15.4,2.394848818884537,2.9882040071331994
12.8023,0.0,18.1,0,0.74,5.854,96.6,1.8956,24,666.0,20.2,240.52,23.79,10.8,2.6248352449424797,3.210440346047099
10.6718,0.0,18.1,0,0.74,6.459,94.8,1.9879,24,666.0,20.2,43.06,23.98,11.8,2.457175676049689,3.2180755046974316
6.28807,0.0,18.1,0,0.74,6.341,96.4,2.072,24,666.0,20.2,318.01,17.79,14.9,1.9862387647413884,2.933324813425374
9.92485,0.0,18.1,0,0.74,6.251,96.6,2.198,24,666.0,20.2,388.52,16.44,12.6,2.39104001091028,2.8587664184808337
9.32909,0.0,18.1,0,0.713,6.185,98.7,2.2616,24,666.0,20.2,396.9,18.13,14.1,2.3349641863179325,2.9512577834521614
7.52601,0.0,18.1,0,0.713,6.417,98.3,2.185,24,666.0,20.2,304.21,19.31,13.0,2.143121491225277,3.011113375592293
6.71772,0.0,18.1,0,0.713,6.749,92.6,2.3236,24,666.0,20.2,0.32,17.44,13.4,2.0435189836286223,2.914522218128448
5.44114,0.0,18.1,0,0.713,6.655,98.2,2.3552,24,666.0,20.2,355.29,17.73,15.2,1.862705543083853,2.930126516455997
5.09017,0.0,18.1,0,0.713,6.297,91.8,2.3682,24,666.0,20.2,385.09,17.27,16.1,1.8066759959463214,2.9052603703899154
8.24809,0.0,18.1,0,0.713,7.393,99.3,2.4527,24,666.0,20.2,375.87,16.74,17.8,2.224417043716578,2.8758219768814333
9.51363,0.0,18.1,0,0.713,6.728,94.1,2.4961,24,666.0,20.2,6.68,18.71,14.9,2.3526725106043593,2.9811261211646287
4.75237,0.0,18.1,0,0.713,6.525,86.5,2.4358,24,666.0,20.2,50.92,18.13,14.1,1.749611943801969,2.9512577834521614
4.66883,0.0,18.1,0,0.713,5.976,87.9,2.5806,24,666.0,20.2,10.48,19.01,12.7,1.7349827472403847,2.996232148595642
8.20058,0.0,18.1,0,0.713,5.936,80.3,2.7792,24,666.0,20.2,3.5,16.94,13.5,2.219266525546099,2.88703285663065
7.75223,0.0,18.1,0,0.713,6.301,83.7,2.7831,24,666.0,20.2,272.21,16.23,14.9,2.1693085250418154,2.8466520505398383
6.80117,0.0,18.1,0,0.713,6.081,84.4,2.7175,24,666.0,20.2,396.9,14.7,20.0,2.0542737224466707,2.7536607123542622
4.81213,0.0,18.1,0,0.713,6.701,90.0,2.5975,24,666.0,20.2,255.23,16.42,16.4,1.7599471129733726,2.857618971424357
3.69311,0.0,18.1,0,0.713,6.376,88.4,2.5671,24,666.0,20.2,391.43,14.65,17.7,1.546095475702301,2.750470916986162
6.65492,0.0,18.1,0,0.713,6.317,83.0,2.7344,24,666.0,20.2,396.9,13.99,19.5,2.035348578369212,2.7073833121145063
5.82115,0.0,18.1,0,0.713,6.513,89.9,2.8016,24,666.0,20.2,393.82,10.29,20.2,1.9200280793412094,2.4239173781615704
7.83932,0.0,18.1,0,0.655,6.209,65.4,2.9634,24,666.0,20.2,396.9,13.22,21.4,2.1792099506138976,2.6546494243750947
3.1636,0.0,18.1,0,0.655,5.759,48.2,3.0665,24,666.0,20.2,334.4,14.13,19.9,1.4263800846591763,2.7166795278002644
3.77498,0.0,18.1,0,0.655,5.952,84.7,2.8715,24,666.0,20.2,22.01,17.15,19.0,1.5633897854422463,2.8986705607108596
4.42228,0.0,18.1,0,0.584,6.003,94.5,2.5403,24,666.0,20.2,331.29,21.32,19.1,1.690516391203815,3.1054831375131102
15.5757,0.0,18.1,0,0.58,5.926,71.0,2.9084,24,666.0,20.2,368.74,18.13,19.1,2.807937767457695,2.9512577834521614
13.0751,0.0,18.1,0,0.58,5.713,56.7,2.8237,24,666.0,20.2,396.9,14.76,20.1,2.6444072787962525,2.757475084429733
4.34879,0.0,18.1,0,0.58,6.167,84.0,3.0334,24,666.0,20.2,396.9,16.29,19.9,1.6768703671037264,2.850128299695199
4.03841,0.0,18.1,0,0.532,6.229,90.7,3.0993,24,666.0,20.2,395.33,12.87,19.6,1.6170905561197193,2.6297282343267403
3.56868,0.0,18.1,0,0.58,6.437,75.0,2.8965,24,666.0,20.2,393.37,14.36,23.2,1.5192243229211484,2.731766727719526
4.64689,0.0,18.1,0,0.614,6.98,67.6,2.5329,24,666.0,20.2,374.68,11.66,29.8,1.7311049511313974,2.5384474167160302
8.05579,0.0,18.1,0,0.584,5.427,95.4,2.4298,24,666.0,20.2,352.58,18.14,13.8,2.203404332146021,2.9517803860248084
6.39312,0.0,18.1,0,0.584,6.162,97.4,2.206,24,666.0,20.2,302.76,24.1,13.3,2.000549838013637,3.2228678461377385
4.87141,0.0,18.1,0,0.614,6.484,93.6,2.3053,24,666.0,20.2,396.21,18.68,16.7,1.7700948094248417,2.9796028916241073
15.0234,0.0,18.1,0,0.614,5.304,97.3,2.1007,24,666.0,20.2,349.48,24.91,12.0,2.774050153828231,3.2546289945740186
10.233,0.0,18.1,0,0.614,6.185,96.7,2.1705,24,666.0,20.2,379.7,18.03,14.6,2.418855874659432,2.946016681308058
14.3337,0.0,18.1,0,0.614,6.229,88.0,1.9512,24,666.0,20.2,383.32,13.11,21.4,2.730053020578551,2.6468837658647226
5.82401,0.0,18.1,0,0.532,6.242,64.7,3.4242,24,666.0,20.2,396.9,10.74,23.0,1.9204472756044826,2.4630018143999504
5.70818,0.0,18.1,0,0.532,6.75,74.9,3.3317,24,666.0,20.2,393.07,7.74,23.7,1.9033276772324317,2.167910189667444
5.73116,0.0,18.1,0,0.532,7.061,77.0,3.4106,24,666.0,20.2,395.28,7.01,25.0,1.9067474913596385,2.080690761080268
2.81838,0.0,18.1,0,0.532,5.762,40.3,4.0983,24,666.0,20.2,392.92,10.42,21.8,1.3398262488998969,2.435366204227864
2.37857,0.0,18.1,0,0.583,5.871,41.9,3.724,24,666.0,20.2,370.73,13.34,20.6,1.2174525430495582,2.663052835171474
3.67367,0.0,18.1,0,0.583,6.312,51.9,3.9917,24,666.0,20.2,388.62,10.58,21.2,1.5419446302865207,2.449279472144849
5.69175,0.0,18.1,0,0.583,6.114,79.8,3.5459,24,666.0,20.2,392.68,14.98,19.1,1.9008754243872985,2.7713379403381286
4.83567,0.0,18.1,0,0.583,5.905,53.2,3.1523,24,666.0,20.2,388.22,11.45,20.6,1.763989083482614,2.5217206229107165
0.15086,0.0,27.74,0,0.609,5.454,92.7,1.8209,4,711.0,20.1,395.09,18.06,15.2,0.14050948897951462,2.947591898226056
0.18337,0.0,27.74,0,0.609,5.414,98.3,1.7554,4,711.0,20.1,344.05,23.97,7.0,0.16836630025465413,3.217675104291682
0.20746,0.0,27.74,0,0.609,5.093,98.0,1.8226,4,711.0,20.1,318.43,29.68,8.1,0.18851897970190706,3.4236109764990554
0.10574,0.0,27.74,0,0.609,5.983,98.8,1.8681,4,711.0,20.1,390.11,18.07,13.6,0.10051479408986369,2.9481164196123277
0.11132,0.0,27.74,0,0.609,5.983,83.5,2.1099,4,711.0,20.1,396.9,13.35,20.1,0.10554849798804089,2.66374994220563
0.17331,0.0,9.69,0,0.585,5.707,54.0,2.3817,6,391.0,19.2,396.9,12.01,21.8,0.1598288143805233,2.565718292524414
0.27957,0.0,9.69,0,0.585,5.926,42.6,2.3817,6,391.0,19.2,396.9,13.59,24.5,0.24652408399188336,2.6803363625346943
0.17899,0.0,9.69,0,0.585,5.67,28.8,2.7986,6,391.0,19.2,393.29,17.6,23.1,0.16465813975505655,2.9231615807191558
0.2896,0.0,9.69,0,0.585,5.39,72.9,2.7986,6,391.0,19.2,396.9,21.14,19.7,0.2543320927702268,3.0973859272804907
0.26838,0.0,9.69,0,0.585,5.794,70.6,2.8927,6,391.0,19.2,396.9,14.1,18.3,0.23774049566117803,2.714694743820879
0.23912,0.0,9.69,0,0.585,6.019,65.3,2.4091,6,391.0,19.2,396.9,12.92,21.2,0.21440145025736632,2.6333266549062735
0.17783,0.0,9.69,0,0.585,5.569,73.5,2.3999,6,391.0,19.2,395.77,15.1,17.5,0.16367376242147158,2.7788192719904172
0.22438,0.0,9.69,0,0.585,6.027,79.7,2.4982,6,391.0,19.2,396.9,14.33,16.8,0.2024345934245115,2.7298116928837226
0.06263,0.0,11.93,0,0.573,6.593,69.1,2.4786,1,273.0,21.0,391.99,9.67,22.4,0.06074696727310071,2.367436065313662
0.04527,0.0,11.93,0,0.573,6.12,76.7,2.2875,1,273.0,21.0,396.9,9.08,20.6,0.0442752252499075,2.3105532626432224
0.06076,0.0,11.93,0,0.573,6.976,91.0,2.1675,1,273.0,21.0,396.9,5.64,23.9,0.058985632347870916,1.8931119634883424
0.10959,0.0,11.93,0,0.573,6.794,89.3,2.3889,1,273.0,21.0,393.45,6.48,22.0,0.10399057772120508,2.012232791986386
0.04741,0.0,11.93,0,0.573,6.03,80.8,2.505,1,273.0,21.0,396.9,7.88,11.9,0.04632045026850427,2.1838015570040787
